{"glyphs":{"0":{"x_min":51,"x_max":779,"ha":828,"o":"m 415 -26 q 142 129 242 -26 q 51 476 51 271 q 141 825 51 683 q 415 984 242 984 q 687 825 585 984 q 779 476 779 682 q 688 131 779 271 q 415 -26 587 -26 m 415 137 q 529 242 485 137 q 568 477 568 338 q 530 713 568 619 q 415 821 488 821 q 303 718 344 821 q 262 477 262 616 q 301 237 262 337 q 415 137 341 137 "},"1":{"x_min":197.609375,"x_max":628,"ha":828,"o":"m 628 0 l 434 0 l 434 674 l 197 674 l 197 810 q 373 837 318 810 q 468 984 450 876 l 628 984 l 628 0 "},"2":{"x_min":64,"x_max":764,"ha":828,"o":"m 764 685 q 675 452 764 541 q 484 325 637 415 q 307 168 357 250 l 754 168 l 754 0 l 64 0 q 193 301 64 175 q 433 480 202 311 q 564 673 564 576 q 519 780 564 737 q 416 824 475 824 q 318 780 358 824 q 262 633 270 730 l 80 633 q 184 903 80 807 q 415 988 276 988 q 654 907 552 988 q 764 685 764 819 "},"3":{"x_min":61,"x_max":767,"ha":828,"o":"m 767 290 q 653 51 767 143 q 402 -32 548 -32 q 168 48 262 -32 q 61 300 61 140 l 250 300 q 298 173 250 219 q 405 132 343 132 q 514 169 471 132 q 563 282 563 211 q 491 405 563 369 q 343 432 439 432 l 343 568 q 472 592 425 568 q 534 701 534 626 q 493 793 534 758 q 398 829 453 829 q 306 789 344 829 q 268 669 268 749 l 80 669 q 182 909 80 823 q 410 986 274 986 q 633 916 540 986 q 735 719 735 840 q 703 608 735 656 q 615 522 672 561 q 727 427 687 486 q 767 290 767 369 "},"4":{"x_min":53,"x_max":775.21875,"ha":828,"o":"m 775 213 l 660 213 l 660 0 l 470 0 l 470 213 l 53 213 l 53 384 l 416 958 l 660 958 l 660 370 l 775 370 l 775 213 m 474 364 l 474 786 l 204 363 l 474 364 "},"5":{"x_min":59,"x_max":767,"ha":828,"o":"m 767 319 q 644 59 767 158 q 382 -29 533 -29 q 158 43 247 -29 q 59 264 59 123 l 252 264 q 295 165 252 201 q 400 129 339 129 q 512 172 466 129 q 564 308 564 220 q 514 437 564 387 q 398 488 464 488 q 329 472 361 488 q 271 420 297 456 l 93 428 l 157 958 l 722 958 l 722 790 l 295 790 l 271 593 q 348 635 306 621 q 431 649 389 649 q 663 551 560 649 q 767 319 767 453 "},"6":{"x_min":57,"x_max":771,"ha":828,"o":"m 744 734 l 544 734 q 500 802 533 776 q 425 828 466 828 q 315 769 359 828 q 264 571 264 701 q 451 638 343 638 q 691 537 602 638 q 771 315 771 449 q 683 79 771 176 q 420 -29 586 -29 q 134 123 227 -29 q 57 455 57 250 q 184 865 57 721 q 452 988 293 988 q 657 916 570 988 q 744 734 744 845 m 426 128 q 538 178 498 128 q 578 300 578 229 q 538 422 578 372 q 415 479 493 479 q 303 430 342 479 q 264 313 264 381 q 308 184 264 240 q 426 128 352 128 "},"7":{"x_min":65.28125,"x_max":762.5,"ha":828,"o":"m 762 808 q 521 435 604 626 q 409 0 438 244 l 205 0 q 313 422 227 234 q 548 789 387 583 l 65 789 l 65 958 l 762 958 l 762 808 "},"8":{"x_min":57,"x_max":770,"ha":828,"o":"m 625 516 q 733 416 697 477 q 770 284 770 355 q 675 69 770 161 q 415 -29 574 -29 q 145 65 244 -29 q 57 273 57 150 q 93 413 57 350 q 204 516 130 477 q 112 609 142 556 q 83 718 83 662 q 177 905 83 824 q 414 986 272 986 q 650 904 555 986 q 745 715 745 822 q 716 608 745 658 q 625 516 688 558 m 414 590 q 516 624 479 590 q 553 706 553 659 q 516 791 553 755 q 414 828 480 828 q 311 792 348 828 q 275 706 275 757 q 310 624 275 658 q 414 590 345 590 m 413 135 q 527 179 487 135 q 564 279 564 218 q 525 386 564 341 q 411 436 482 436 q 298 387 341 436 q 261 282 261 344 q 300 178 261 222 q 413 135 340 135 "},"9":{"x_min":58,"x_max":769,"ha":828,"o":"m 769 492 q 646 90 769 232 q 384 -33 539 -33 q 187 35 271 -33 q 83 224 98 107 l 282 224 q 323 154 286 182 q 404 127 359 127 q 513 182 471 127 q 563 384 563 248 q 475 335 532 355 q 372 315 418 315 q 137 416 224 315 q 58 642 58 507 q 144 877 58 781 q 407 984 239 984 q 694 827 602 984 q 769 492 769 699 m 416 476 q 525 521 488 476 q 563 632 563 566 q 521 764 563 709 q 403 826 474 826 q 297 773 337 826 q 258 649 258 720 q 295 530 258 577 q 416 476 339 476 "},"S":{"x_min":0,"x_max":826,"ha":915,"o":"m 826 306 q 701 55 826 148 q 423 -29 587 -29 q 138 60 255 -29 q 0 318 13 154 l 208 318 q 288 192 216 238 q 437 152 352 152 q 559 181 506 152 q 623 282 623 217 q 466 411 623 372 q 176 487 197 478 q 18 719 18 557 q 136 958 18 869 q 399 1040 244 1040 q 670 956 561 1040 q 791 713 791 864 l 591 713 q 526 826 583 786 q 393 866 469 866 q 277 838 326 866 q 218 742 218 804 q 374 617 218 655 q 667 542 646 552 q 826 306 826 471 "},"y":{"x_min":0,"x_max":738.890625,"ha":828,"o":"m 738 749 l 444 -107 q 361 -238 413 -199 q 213 -277 308 -277 q 156 -275 176 -277 q 120 -271 131 -271 l 120 -110 q 147 -113 134 -111 q 179 -116 161 -116 q 247 -91 226 -116 q 269 -17 269 -67 q 206 173 269 -4 q 84 515 162 301 q 0 749 41 632 l 218 749 l 376 207 l 529 749 l 738 749 "},"g":{"x_min":0,"x_max":724,"ha":839,"o":"m 724 48 q 637 -223 724 -142 q 357 -304 551 -304 q 140 -253 226 -304 q 23 -72 36 -192 l 243 -72 q 290 -127 255 -110 q 368 -144 324 -144 q 504 -82 470 -144 q 530 71 530 -38 l 530 105 q 441 25 496 51 q 319 0 386 0 q 79 115 166 0 q 0 377 0 219 q 77 647 0 534 q 317 775 166 775 q 534 656 456 775 l 534 748 l 724 748 l 724 48 m 368 167 q 492 237 447 167 q 530 382 530 297 q 490 529 530 466 q 364 603 444 603 q 240 532 284 603 q 201 386 201 471 q 240 239 201 300 q 368 167 286 167 "},"e":{"x_min":0,"x_max":708,"ha":808,"o":"m 708 321 l 207 321 q 254 186 207 236 q 362 141 298 141 q 501 227 453 141 l 700 227 q 566 36 662 104 q 362 -26 477 -26 q 112 72 213 -26 q 0 369 0 182 q 95 683 0 573 q 358 793 191 793 q 619 677 531 793 q 708 321 708 561 m 501 453 q 460 571 501 531 q 353 612 420 612 q 247 570 287 612 q 207 453 207 529 l 501 453 "},"J":{"x_min":0,"x_max":649,"ha":760,"o":"m 649 294 q 573 48 649 125 q 327 -29 497 -29 q 61 82 136 -29 q 0 375 0 173 l 200 375 l 199 309 q 219 194 199 230 q 321 145 249 145 q 418 193 390 145 q 441 307 441 232 l 441 1013 l 649 1013 l 649 294 "},"D":{"x_min":0,"x_max":864,"ha":968,"o":"m 400 1013 q 736 874 608 1013 q 864 523 864 735 q 717 146 864 293 q 340 0 570 0 l 0 0 l 0 1013 l 400 1013 m 398 837 l 206 837 l 206 182 l 372 182 q 584 276 507 182 q 657 504 657 365 q 594 727 657 632 q 398 837 522 837 "},"w":{"x_min":0,"x_max":1056.953125,"ha":1150,"o":"m 1056 749 l 848 0 l 647 0 l 527 536 l 412 0 l 211 0 l 0 749 l 202 749 l 325 226 l 429 748 l 633 748 l 740 229 l 864 749 l 1056 749 "},"Q":{"x_min":0,"x_max":995.59375,"ha":1096,"o":"m 995 49 l 885 -70 l 762 42 q 641 -12 709 4 q 497 -29 572 -29 q 135 123 271 -29 q 0 504 0 276 q 131 881 0 731 q 497 1040 270 1040 q 859 883 719 1040 q 994 506 994 731 q 966 321 994 413 q 884 152 938 229 l 995 49 m 730 299 q 767 395 755 344 q 779 504 779 446 q 713 743 779 644 q 505 857 638 857 q 284 745 366 857 q 210 501 210 644 q 279 265 210 361 q 492 157 357 157 q 615 181 557 157 l 508 287 l 620 405 l 730 299 "},"M":{"x_min":0,"x_max":1019,"ha":1135,"o":"m 1019 0 l 823 0 l 823 819 l 618 0 l 402 0 l 194 818 l 194 0 l 0 0 l 0 1013 l 309 1012 l 510 241 l 707 1013 l 1019 1013 l 1019 0 "},"C":{"x_min":0,"x_max":970.828125,"ha":1043,"o":"m 970 345 q 802 70 933 169 q 490 -29 672 -29 q 130 130 268 -29 q 0 506 0 281 q 134 885 0 737 q 502 1040 275 1040 q 802 939 668 1040 q 965 679 936 838 l 745 679 q 649 809 716 761 q 495 857 582 857 q 283 747 361 857 q 214 508 214 648 q 282 267 214 367 q 493 154 359 154 q 651 204 584 154 q 752 345 718 255 l 970 345 "},"X":{"x_min":0,"x_max":894.453125,"ha":999,"o":"m 894 0 l 654 0 l 445 351 l 238 0 l 0 0 l 316 516 l 0 1013 l 238 1013 l 445 659 l 652 1013 l 894 1013 l 577 519 l 894 0 "},"a":{"x_min":0,"x_max":700,"ha":786,"o":"m 700 0 l 488 0 q 465 93 469 45 q 365 5 427 37 q 233 -26 303 -26 q 65 37 130 -26 q 0 205 0 101 q 120 409 0 355 q 343 452 168 431 q 465 522 465 468 q 424 588 465 565 q 337 611 384 611 q 250 581 285 611 q 215 503 215 552 l 26 503 q 113 707 26 633 q 328 775 194 775 q 538 723 444 775 q 657 554 657 659 l 657 137 q 666 73 657 101 q 700 33 675 45 l 700 0 m 465 297 l 465 367 q 299 322 358 340 q 193 217 193 287 q 223 150 193 174 q 298 127 254 127 q 417 175 370 127 q 465 297 465 224 "},"N":{"x_min":0,"x_max":833,"ha":949,"o":"m 833 0 l 617 0 l 206 695 l 206 0 l 0 0 l 0 1013 l 216 1013 l 629 315 l 629 1013 l 833 1013 l 833 0 "},"Z":{"x_min":0,